{"cameraMode":{"drawMode":0,"name":"Shaded","section":"Shading Mode"},"sceneLighting":true,"audioPlay":false,"sceneViewState":{"showFog":true,"showMaterialUpdate":false,"showSkybox":true,"showFlares":true,"showImageEffects":true,"showParticleSystems":true},"in2DMode":false,"pivot":{"x":28.67745018005371,"y":13.51513385772705,"z":10.009787559509278},"rotation":{"x":-0.37329477071762087,"y":-0.03283923491835594,"z":0.013210389763116837,"w":-0.9270372986793518},"size":41.18928146362305,"orthographic":false}