{"cameraMode":{"drawMode":0,"name":"Shaded","section":"Shading Mode"},"sceneLighting":true,"audioPlay":false,"sceneViewState":{"showFog":true,"showMaterialUpdate":false,"showSkybox":true,"showFlares":true,"showImageEffects":true,"showParticleSystems":true},"in2DMode":false,"pivot":{"x":38.89780044555664,"y":148.07516479492188,"z":45.649261474609378},"rotation":{"x":-0.6122822761535645,"y":-0.11159002035856247,"z":0.08784569799900055,"w":-0.777779757976532},"size":52.3134765625,"orthographic":false}